{
  "metadata": {
    "scraped_at": "2026-07-17T09:12:45.638715+00:00",
    "category": "OVERALL",
    "time_period": "ALL",
    "activity_filter_hours": 24,
    "total_wallets": 15,
    "enriched_wallets": 15,
    "leaderboard_pulled": 100,
    "active_after_filter": 15
  },
  "wallets": [
    {
      "rank": "41",
      "proxyWallet": "0x7c1ee865a785de4c00ee90ed86a38489fb8bbab3",
      "userName": "CandleHammerDrums",
      "profileImage": "",
      "xUsername": "",
      "verifiedBadge": false,
      "pnl": 3426631.8251560987,
      "vol": 37816254.430314004,
      "enriched": {
        "winRate": 96.4,
        "roi": 98.7,
        "totalTrades": 112,
        "wins": 108,
        "losses": 4,
        "categories": [
          "Crypto",
          "Geopolitics",
          "Sports"
        ],
        "sharpe": 1.01,
        "consistency": 97.0,
        "maxDrawdown": -275593.23,
        "sparkline": [
          269258.13,
          341258.13,
          505508.13,
          561008.05,
          631766.94,
          645266.94,
          707316.88,
          693298.94
        ],
        "openPositions": 50,
        "closedPositions": 112,
        "hasCrypto": true,
        "totalPnlFromPositions": 9612140.87,
        "totalInvested": 9735489.86,
        "lastTradeTimestamp": 1784279223,
        "tradesInWindow": 50,
        "lastTradeAge": "0.1h ago"
      },
      "scoredRank": 1
    },
    {
      "rank": "70",
      "proxyWallet": "0xb61b2079b95f6b7476fd3203e0274ffb93308a06",
      "userName": "hot2trot",
      "profileImage": "",
      "xUsername": "",
      "verifiedBadge": false,
      "pnl": 2111742.8862148914,
      "vol": 12639820.650374005,
      "enriched": {
        "winRate": 92.1,
        "roi": 84.1,
        "totalTrades": 38,
        "wins": 35,
        "losses": 3,
        "categories": [
          "Crypto",
          "Sports"
        ],
        "sharpe": 0.72,
        "consistency": 94.0,
        "maxDrawdown": -196000.0,
        "sparkline": [
          89250.0,
          115249.99,
          216743.0,
          366449.87,
          393989.14,
          581203.88,
          608964.58,
          526964.58,
          757664.37,
          757664.37
        ],
        "openPositions": 18,
        "closedPositions": 38,
        "hasCrypto": true,
        "totalPnlFromPositions": 3734744.79,
        "totalInvested": 4439315.86,
        "lastTradeTimestamp": 1784279445,
        "tradesInWindow": 50,
        "lastTradeAge": "0.0h ago"
      },
      "scoredRank": 2
    },
    {
      "rank": "75",
      "proxyWallet": "0xed107a85a4585a381e48c7f7ca4144909e7dd2e5",
      "userName": "elmcap2",
      "profileImage": "https://polymarket-upload.s3.us-east-2.amazonaws.com/profile-image-117964-17fe5149-f238-4d6e-8b47-49fee9159b3e.png",
      "xUsername": "elm_cap",
      "verifiedBadge": false,
      "pnl": 2026954.8236335446,
      "vol": 275115040.20703495,
      "enriched": {
        "winRate": 91.2,
        "roi": 0.4,
        "totalTrades": 250,
        "wins": 228,
        "losses": 22,
        "categories": [
          "Crypto",
          "Culture",
          "Economics",
          "Finance",
          "Geopolitics",
          "Politics",
          "Sports",
          "Tech"
        ],
        "sharpe": 0.18,
        "consistency": 94.0,
        "maxDrawdown": -4236.68,
        "sparkline": [
          664.56,
          832.7,
          863.85,
          868.54,
          896.21,
          1085.71,
          2226.7,
          2856.69,
          3456.79
        ],
        "openPositions": 50,
        "closedPositions": 250,
        "hasCrypto": true,
        "totalPnlFromPositions": 177434.01,
        "totalInvested": 40595539.97,
        "lastTradeTimestamp": 1784277300,
        "tradesInWindow": 50,
        "lastTradeAge": "0.6h ago"
      },
      "scoredRank": 3
    },
    {
      "rank": "79",
      "proxyWallet": "0xcc500cbcc8b7cf5bd21975ebbea34f21b5644c82",
      "userName": "justdance",
      "profileImage": "https://polymarket-upload.s3.us-east-2.amazonaws.com/profile-image-508970.png",
      "xUsername": "",
      "verifiedBadge": false,
      "pnl": 1958864.5821204272,
      "vol": 114566738.28622398,
      "enriched": {
        "winRate": 79.2,
        "roi": 9.9,
        "totalTrades": 250,
        "wins": 198,
        "losses": 52,
        "categories": [
          "Crypto"
        ],
        "sharpe": 0.07,
        "consistency": 81.0,
        "maxDrawdown": -25298.86,
        "sparkline": [
          -8018.57,
          -8017.61,
          -8036.55,
          -7962.48,
          -7921.91,
          -7916.31,
          -7886.07,
          -7873.65,
          -7866.01
        ],
        "openPositions": 50,
        "closedPositions": 250,
        "hasCrypto": true,
        "totalPnlFromPositions": 76622.95,
        "totalInvested": 775961.43,
        "lastTradeTimestamp": 1784279488,
        "tradesInWindow": 50,
        "lastTradeAge": "0.0h ago"
      },
      "scoredRank": 4
    },
    {
      "rank": "64",
      "proxyWallet": "0x0c0e270cf879583d6a0142fc817e05b768d0434e",
      "userName": "The Spirit of Ukraine>UMA",
      "profileImage": "",
      "xUsername": "",
      "verifiedBadge": false,
      "pnl": 2217607.1126414035,
      "vol": 123096602.39727198,
      "enriched": {
        "winRate": 56.8,
        "roi": 18.9,
        "totalTrades": 250,
        "wins": 142,
        "losses": 108,
        "categories": [
          "Crypto",
          "Economics",
          "Finance",
          "Geopolitics",
          "Politics",
          "Sports",
          "Tech"
        ],
        "sharpe": 0.25,
        "consistency": 73.0,
        "maxDrawdown": -53118.44,
        "sparkline": [
          -743.36,
          2531.45,
          2495.21,
          2670.09,
          -2695.48,
          -2678.51,
          -2341.31,
          -2414.49,
          -2582.95
        ],
        "openPositions": 50,
        "closedPositions": 250,
        "hasCrypto": true,
        "totalPnlFromPositions": 1146221.11,
        "totalInvested": 6077101.44,
        "lastTradeTimestamp": 1784279460,
        "tradesInWindow": 50,
        "lastTradeAge": "0.0h ago"
      },
      "scoredRank": 5
    },
    {
      "rank": "59",
      "proxyWallet": "0x44c1dfe43260c94ed4f1d00de2e1f80fb113ebc1",
      "userName": "aenews2",
      "profileImage": "https://polymarket-upload.s3.us-east-2.amazonaws.com/profile-image-154436-a84dabd0-06ee-40d3-be95-e454283cdfc0.jpg",
      "xUsername": "aenews",
      "verifiedBadge": false,
      "pnl": 2360506.544823069,
      "vol": 242131752.35267794,
      "enriched": {
        "winRate": 76.4,
        "roi": 4.3,
        "totalTrades": 250,
        "wins": 191,
        "losses": 59,
        "categories": [
          "Crypto",
          "Culture",
          "Economics",
          "Finance",
          "Geopolitics",
          "Politics",
          "Sports",
          "Tech",
          "Weather"
        ],
        "sharpe": 0.05,
        "consistency": 79.0,
        "maxDrawdown": -166167.0,
        "sparkline": [
          103.14,
          8588.3,
          10768.33,
          10666.63,
          10986.06,
          11082.29,
          10879.08,
          14855.13,
          14949.29
        ],
        "openPositions": 50,
        "closedPositions": 250,
        "hasCrypto": true,
        "totalPnlFromPositions": 481435.42,
        "totalInvested": 11208309.81,
        "lastTradeTimestamp": 1784264496,
        "tradesInWindow": 24,
        "lastTradeAge": "4.2h ago"
      },
      "scoredRank": 6
    },
    {
      "rank": "16",
      "proxyWallet": "0x2c335066fe58fe9237c3d3dc7b275c2a034a0563",
      "userName": "0x2c335066FE58fe9237c3d3Dc7b275C2a034a0563-1759935795465",
      "profileImage": "",
      "xUsername": "",
      "verifiedBadge": false,
      "pnl": 6461269.127534226,
      "vol": 742486697.3210086,
      "enriched": {
        "winRate": 74.8,
        "roi": 1.7,
        "totalTrades": 250,